{"chunk_definitions":[{"row":7,"row_count":1,"visible":true,"expansion_state":0,"options":{"engine":"r","label":"setup","include":false},"document_id":"2B8DF84C","chunk_id":"csetup_chunk","chunk_label":"setup"},{"row":16,"row_count":1,"visible":true,"expansion_state":0,"options":{"engine":"r","label":"unnamed-chunk-3"},"document_id":"2B8DF84C","chunk_id":"ch3r02sk48ln4","chunk_label":"unnamed-chunk-1"},{"row":23,"row_count":1,"visible":true,"expansion_state":0,"options":{"engine":"r","label":"unnamed-chunk-4"},"document_id":"2B8DF84C","chunk_id":"c1eomfwzsvrej","chunk_label":"unnamed-chunk-2"},{"row":40,"row_count":1,"visible":true,"expansion_state":0,"options":{"engine":"r","label":"unnamed-chunk-5"},"document_id":"2B8DF84C","chunk_id":"ck62c39hbnm0i","chunk_label":"unnamed-chunk-4"},{"row":78,"row_count":1,"visible":true,"expansion_state":0,"options":{"engine":"r","label":"unnamed-chunk-2"},"document_id":"2B8DF84C","chunk_id":"c28fskiswxndg","chunk_label":"unnamed-chunk-6"},{"row":207,"row_count":1,"visible":true,"expansion_state":0,"options":{"engine":"r","label":"unnamed-chunk-1"},"document_id":"2B8DF84C","chunk_id":"c6dwoehpcy93o","chunk_label":"unnamed-chunk-13"}],"doc_write_time":1648503295,"working_dir":null,"default_chunk_options":{"echo":true},"chunk_rendered_width":400}